{"cameraMode":{"drawMode":0,"name":"Shaded","section":"Shading Mode"},"sceneLighting":true,"audioPlay":false,"sceneViewState":{"showFog":true,"showMaterialUpdate":false,"showSkybox":true,"showFlares":true,"showImageEffects":true,"showParticleSystems":true},"in2DMode":false,"pivot":{"x":0.054327964782714847,"y":-2.40920352935791,"z":37.74188232421875},"rotation":{"x":-0.06638066470623017,"y":0.9082770347595215,"z":-0.38167062401771548,"w":-0.15796895325183869},"size":147.1162109375,"orthographic":false}